{
    "loss": 0.47836926579475403,
    "accuracy": 0.9396551847457886
}