{
    "loss": 3.205162763595581,
    "accuracy": 0.6724137663841248
}